"Repo","Path","HasFileInput","MentionsImage","Recommendation","Reason"
"Aeon-Primevo","assets\css\visual-jus9-fase-final.css","False","False","nao","formulario operacional ou de texto; foto nao agrega nesta etapa"
"aulas-charlie-echo-jus9-tecnologia-juridica","assets\css\styles.css","False","True","ja_tem_ou_menciona","ja menciona foto/avatar/imagem ou aceita image/*"
"aulas-charlie-echo-jus9-tecnologia-juridica","assets\css\visual-jus9-fase-final.css","False","False","nao","formulario operacional ou de texto; foto nao agrega nesta etapa"
"carta-jus9-tecnologia-juridica","assets\css\visual-jus9-fase-final.css","False","False","nao","formulario operacional ou de texto; foto nao agrega nesta etapa"
"carta-jus9-tecnologia-juridica","style.css","False","True","ja_tem_ou_menciona","ja menciona foto/avatar/imagem ou aceita image/*"
"charlieecho-jus9-tecnologia-juridica","assets\css\charlie-light.css","False","False","nao","formulario operacional ou de texto; foto nao agrega nesta etapa"
"charlieecho-jus9-tecnologia-juridica","assets\css\style.css","False","False","nao","formulario operacional ou de texto; foto nao agrega nesta etapa"
"charlieecho-jus9-tecnologia-juridica","assets\css\styles.css","False","True","ja_tem_ou_menciona","ja menciona foto/avatar/imagem ou aceita image/*"
"charlieecho-jus9-tecnologia-juridica","assets\css\visual-jus9-fase-final.css","False","False","nao","formulario operacional ou de texto; foto nao agrega nesta etapa"
"charlieecho-jus9-tecnologia-juridica","assets\js\charlie-ia-pages.js","False","True","ja_tem_ou_menciona","ja menciona foto/avatar/imagem ou aceita image/*"
"charlieecho-jus9-tecnologia-juridica","functions\api\ia.js","False","True","ja_tem_ou_menciona","ja menciona foto/avatar/imagem ou aceita image/*"
"charlieecho-jus9-tecnologia-juridica","ia-estudantes.html","True","True","ja_tem_ou_menciona","ja menciona foto/avatar/imagem ou aceita image/*"
"charlieecho-jus9-tecnologia-juridica","ia-estudantes\index.html","True","True","ja_tem_ou_menciona","ja menciona foto/avatar/imagem ou aceita image/*"
"charlieecho-jus9-tecnologia-juridica","ia-profissional.html","True","True","ja_tem_ou_menciona","ja menciona foto/avatar/imagem ou aceita image/*"
"charlieecho-jus9-tecnologia-juridica","ia-profissional\index.html","True","True","ja_tem_ou_menciona","ja menciona foto/avatar/imagem ou aceita image/*"
"Creta","assets\css\styles.css","False","False","nao","formulario operacional ou de texto; foto nao agrega nesta etapa"
"Creta","assets\css\visual-jus9-fase-final.css","False","False","nao","formulario operacional ou de texto; foto nao agrega nesta etapa"
"Creta","contato.html","False","True","ja_tem_ou_menciona","ja menciona foto/avatar/imagem ou aceita image/*"
"documentacao-jus9-tecnologia-juridica","assets\css\styles.css","False","True","ja_tem_ou_menciona","ja menciona foto/avatar/imagem ou aceita image/*"
"documentacao-jus9-tecnologia-juridica","assets\css\visual-jus9-fase-final.css","False","False","nao","formulario operacional ou de texto; foto nao agrega nesta etapa"
"equipe-jus9-tecnologia-juridica","assets\css\equipe.css","False","True","ja_tem_ou_menciona","ja menciona foto/avatar/imagem ou aceita image/*"
"equipe-jus9-tecnologia-juridica","assets\css\equipe-v14.css","False","True","ja_tem_ou_menciona","ja menciona foto/avatar/imagem ou aceita image/*"
"equipe-jus9-tecnologia-juridica","assets\css\visual-jus9-fase-final.css","False","False","nao","formulario operacional ou de texto; foto nao agrega nesta etapa"
"equipe-jus9-tecnologia-juridica","style.css","False","True","ja_tem_ou_menciona","ja menciona foto/avatar/imagem ou aceita image/*"
"governanca-jus9-tecnologia-juridica","assets\css\styles.css","False","True","ja_tem_ou_menciona","ja menciona foto/avatar/imagem ou aceita image/*"
"governanca-jus9-tecnologia-juridica","assets\css\visual-jus9-fase-final.css","False","False","nao","formulario operacional ou de texto; foto nao agrega nesta etapa"
"ia-dupla-jus9-tecnologia-juridica","assets\css\visual-jus9-fase-final.css","False","False","nao","formulario operacional ou de texto; foto nao agrega nesta etapa"
"ia-dupla-jus9-tecnologia-juridica","ia-estudantes.html","False","False","sim","identificacao visual/perfil melhora reconhecimento no MVP"
"ia-dupla-jus9-tecnologia-juridica","ia-mvp.html","False","True","ja_tem_ou_menciona","ja menciona foto/avatar/imagem ou aceita image/*"
"ia-dupla-jus9-tecnologia-juridica","ia-profissional.html","False","True","ja_tem_ou_menciona","ja menciona foto/avatar/imagem ou aceita image/*"
"ia-dupla-jus9-tecnologia-juridica","ia-social.html","False","True","ja_tem_ou_menciona","ja menciona foto/avatar/imagem ou aceita image/*"
"introducaocss","assets\css\visual-jus9-fase-final.css","False","False","nao","formulario operacional ou de texto; foto nao agrega nesta etapa"
"introducaocss","style.css","False","False","nao","formulario operacional ou de texto; foto nao agrega nesta etapa"
"introducaocss","style2.css","False","False","nao","formulario operacional ou de texto; foto nao agrega nesta etapa"
"investimentos-jus9-tecnologia-juridica","contatos-networking.html","False","True","ja_tem_ou_menciona","ja menciona foto/avatar/imagem ou aceita image/*"
"investimentos-jus9-tecnologia-juridica","dashboard.html","False","True","ja_tem_ou_menciona","ja menciona foto/avatar/imagem ou aceita image/*"
"investimentos-jus9-tecnologia-juridica","prioridades.html","False","True","ja_tem_ou_menciona","ja menciona foto/avatar/imagem ou aceita image/*"
"investimentos-jus9-tecnologia-juridica","script.js","False","True","ja_tem_ou_menciona","ja menciona foto/avatar/imagem ou aceita image/*"
"investimentos-jus9-tecnologia-juridica","style.css","False","False","nao","formulario operacional ou de texto; foto nao agrega nesta etapa"
"investimentos-jus9-tecnologia-juridica","web-summit.html","False","True","ja_tem_ou_menciona","ja menciona foto/avatar/imagem ou aceita image/*"
"juridico-virtual-jus9-tecnologia-juridica","assets\css\styles.css","False","True","ja_tem_ou_menciona","ja menciona foto/avatar/imagem ou aceita image/*"
"juridico-virtual-jus9-tecnologia-juridica","assets\css\visual-jus9-fase-final.css","False","False","nao","formulario operacional ou de texto; foto nao agrega nesta etapa"
"jus9-tecnologia-juridica","app-agenda.html","False","True","ja_tem_ou_menciona","ja menciona foto/avatar/imagem ou aceita image/*"
"jus9-tecnologia-juridica","app-atendimento-inicial.html","True","True","ja_tem_ou_menciona","ja menciona foto/avatar/imagem ou aceita image/*"
"jus9-tecnologia-juridica","app-gravacoes.html","True","True","ja_tem_ou_menciona","ja menciona foto/avatar/imagem ou aceita image/*"
"jus9-tecnologia-juridica","app-grupos.html","False","True","ja_tem_ou_menciona","ja menciona foto/avatar/imagem ou aceita image/*"
"jus9-tecnologia-juridica","app-prazos.html","False","True","ja_tem_ou_menciona","ja menciona foto/avatar/imagem ou aceita image/*"
"jus9-tecnologia-juridica","app-processos.html","False","True","ja_tem_ou_menciona","ja menciona foto/avatar/imagem ou aceita image/*"
"jus9-tecnologia-juridica","app-retorno.html","True","True","ja_tem_ou_menciona","ja menciona foto/avatar/imagem ou aceita image/*"
"jus9-tecnologia-juridica","app-whatsapp.html","True","True","ja_tem_ou_menciona","ja menciona foto/avatar/imagem ou aceita image/*"
"jus9-tecnologia-juridica","assets\css\equipe-extra.css","False","True","ja_tem_ou_menciona","ja menciona foto/avatar/imagem ou aceita image/*"
"jus9-tecnologia-juridica","assets\css\jus9-v14.css","False","True","ja_tem_ou_menciona","ja menciona foto/avatar/imagem ou aceita image/*"
"jus9-tecnologia-juridica","assets\css\visual-jus9-fase-final.css","False","False","nao","formulario operacional ou de texto; foto nao agrega nesta etapa"
"jus9-tecnologia-juridica","assets\js\whatsapp-local-demo.js","False","False","nao","foto aumenta dado pessoal sem necessidade imediata"
"jus9-tecnologia-juridica","backend\server.js","False","True","ja_tem_ou_menciona","ja menciona foto/avatar/imagem ou aceita image/*"
"jus9-tecnologia-juridica","charlie-delta-da-costa\style.css","False","False","nao","formulario operacional ou de texto; foto nao agrega nesta etapa"
"jus9-tecnologia-juridica","dist\app-agenda.html","False","True","ja_tem_ou_menciona","ja menciona foto/avatar/imagem ou aceita image/*"
"jus9-tecnologia-juridica","dist\app-atendimento-inicial.html","True","True","ja_tem_ou_menciona","ja menciona foto/avatar/imagem ou aceita image/*"
"jus9-tecnologia-juridica","dist\app-gravacoes.html","True","True","ja_tem_ou_menciona","ja menciona foto/avatar/imagem ou aceita image/*"
"jus9-tecnologia-juridica","dist\app-grupos.html","False","True","ja_tem_ou_menciona","ja menciona foto/avatar/imagem ou aceita image/*"
"jus9-tecnologia-juridica","dist\app-prazos.html","False","True","ja_tem_ou_menciona","ja menciona foto/avatar/imagem ou aceita image/*"
"jus9-tecnologia-juridica","dist\app-processos.html","False","True","ja_tem_ou_menciona","ja menciona foto/avatar/imagem ou aceita image/*"
"jus9-tecnologia-juridica","dist\app-retorno.html","True","True","ja_tem_ou_menciona","ja menciona foto/avatar/imagem ou aceita image/*"
"jus9-tecnologia-juridica","dist\app-whatsapp.html","True","True","ja_tem_ou_menciona","ja menciona foto/avatar/imagem ou aceita image/*"
"jus9-tecnologia-juridica","dist\assets\css\equipe-extra.css","False","True","ja_tem_ou_menciona","ja menciona foto/avatar/imagem ou aceita image/*"
"jus9-tecnologia-juridica","dist\assets\css\jus9-v14.css","False","True","ja_tem_ou_menciona","ja menciona foto/avatar/imagem ou aceita image/*"
"jus9-tecnologia-juridica","dist\assets\css\styles.css","False","True","ja_tem_ou_menciona","ja menciona foto/avatar/imagem ou aceita image/*"
"jus9-tecnologia-juridica","dist\assets\css\visual-jus9-fase-final.css","False","False","nao","formulario operacional ou de texto; foto nao agrega nesta etapa"
"jus9-tecnologia-juridica","dist\assets\js\whatsapp-local-demo.js","False","False","nao","foto aumenta dado pessoal sem necessidade imediata"
"jus9-tecnologia-juridica","dist\charlie-delta-da-costa\style.css","False","False","nao","formulario operacional ou de texto; foto nao agrega nesta etapa"
"jus9-tecnologia-juridica","dist\lider-mvp.html","False","True","ja_tem_ou_menciona","ja menciona foto/avatar/imagem ou aceita image/*"
"jus9-tecnologia-juridica","dist\mvp.html","False","True","ja_tem_ou_menciona","ja menciona foto/avatar/imagem ou aceita image/*"
"jus9-tecnologia-juridica","dist\PATCH_CABECALHO_EQUIPE.css","False","False","sim","identificacao visual/perfil melhora reconhecimento no MVP"
"jus9-tecnologia-juridica","dist\servidor-local-iniciar.ps1","False","False","nao","foto aumenta dado pessoal sem necessidade imediata"
"jus9-tecnologia-juridica","dist\style.css","False","True","ja_tem_ou_menciona","ja menciona foto/avatar/imagem ou aceita image/*"
"jus9-tecnologia-juridica","lider-mvp.html","False","True","ja_tem_ou_menciona","ja menciona foto/avatar/imagem ou aceita image/*"
"jus9-tecnologia-juridica","mvp.html","False","True","ja_tem_ou_menciona","ja menciona foto/avatar/imagem ou aceita image/*"
"jus9-tecnologia-juridica","PATCH_CABECALHO_EQUIPE.css","False","False","sim","identificacao visual/perfil melhora reconhecimento no MVP"
"jus9-tecnologia-juridica","servidor-local-iniciar.ps1","False","False","nao","foto aumenta dado pessoal sem necessidade imediata"
"jus9-tecnologia-juridica","style.css","False","True","ja_tem_ou_menciona","ja menciona foto/avatar/imagem ou aceita image/*"
"jus9verde-jus9-tecnologia-juridica","assets\css\charlie-echo-social.css","False","False","nao","formulario operacional ou de texto; foto nao agrega nesta etapa"
"jus9verde-jus9-tecnologia-juridica","assets\css\style.css","False","False","nao","formulario operacional ou de texto; foto nao agrega nesta etapa"
"jus9verde-jus9-tecnologia-juridica","assets\css\visual-jus9-fase-final.css","False","False","nao","formulario operacional ou de texto; foto nao agrega nesta etapa"
"jus9verde-jus9-tecnologia-juridica","assets\js\charlie-echo-social.js","False","False","condicional","foto pode ser anexo/evidencia, exigir consentimento e classificacao"
"jus9verde-jus9-tecnologia-juridica","charlie-echo-social.html","False","False","condicional","foto pode ser anexo/evidencia, exigir consentimento e classificacao"
"jus9verde-jus9-tecnologia-juridica","charlie-echo-social\index.html","False","False","condicional","foto pode ser anexo/evidencia, exigir consentimento e classificacao"
"livros-jus9-tecnologia-juridica","assets\css\visual-jus9-fase-final.css","False","False","nao","formulario operacional ou de texto; foto nao agrega nesta etapa"
"livros-jus9-tecnologia-juridica","enviar-obra.html","True","True","ja_tem_ou_menciona","ja menciona foto/avatar/imagem ou aceita image/*"
"livros-jus9-tecnologia-juridica","script.js","False","False","nao","foto aumenta dado pessoal sem necessidade imediata"
"livros-jus9-tecnologia-juridica","style.css","False","True","ja_tem_ou_menciona","ja menciona foto/avatar/imagem ou aceita image/*"
"mvp-jus9-tecnologia-juridica","acessar-mvp.html","False","False","nao","foto aumenta dado pessoal sem necessidade imediata"
"mvp-jus9-tecnologia-juridica","agenda.html","False","True","ja_tem_ou_menciona","ja menciona foto/avatar/imagem ou aceita image/*"
"mvp-jus9-tecnologia-juridica","assets\css\mvp.css","False","False","nao","formulario operacional ou de texto; foto nao agrega nesta etapa"
"mvp-jus9-tecnologia-juridica","assets\css\mvp-v14.css","False","True","ja_tem_ou_menciona","ja menciona foto/avatar/imagem ou aceita image/*"
"mvp-jus9-tecnologia-juridica","assets\css\style.css","False","False","nao","formulario operacional ou de texto; foto nao agrega nesta etapa"
"mvp-jus9-tecnologia-juridica","assets\css\styles.css","False","True","ja_tem_ou_menciona","ja menciona foto/avatar/imagem ou aceita image/*"
"mvp-jus9-tecnologia-juridica","assets\css\visual-mvp-fase1.css","False","False","nao","foto aumenta dado pessoal sem necessidade imediata"
"mvp-jus9-tecnologia-juridica","assets\css\visual-mvp-fase2.css","False","False","nao","formulario operacional ou de texto; foto nao agrega nesta etapa"
"mvp-jus9-tecnologia-juridica","cadastro.html","False","True","ja_tem_ou_menciona","ja menciona foto/avatar/imagem ou aceita image/*"
"mvp-jus9-tecnologia-juridica","cadastro-lider.html","False","False","nao","foto aumenta dado pessoal sem necessidade imediata"
"mvp-jus9-tecnologia-juridica","cadastro-usuario.html","False","True","ja_tem_ou_menciona","ja menciona foto/avatar/imagem ou aceita image/*"
"mvp-jus9-tecnologia-juridica","ia-estudantes.html","False","True","ja_tem_ou_menciona","ja menciona foto/avatar/imagem ou aceita image/*"
"mvp-jus9-tecnologia-juridica","lider-mvp.html","False","True","ja_tem_ou_menciona","ja menciona foto/avatar/imagem ou aceita image/*"
"mvp-jus9-tecnologia-juridica","login.html","False","False","nao","foto aumenta dado pessoal sem necessidade imediata"
"mvp-jus9-tecnologia-juridica","PATCHES\PATCH_ACESSOS_DEMO_POR_PERFIL.html","False","True","ja_tem_ou_menciona","ja menciona foto/avatar/imagem ou aceita image/*"
"mvp-jus9-tecnologia-juridica","perfis\estudante.html","False","True","ja_tem_ou_menciona","ja menciona foto/avatar/imagem ou aceita image/*"
"mvp-jus9-tecnologia-juridica","perfis\professor.html","False","True","ja_tem_ou_menciona","ja menciona foto/avatar/imagem ou aceita image/*"
"mvp-jus9-tecnologia-juridica","servidor-local-iniciar.ps1","False","False","nao","foto aumenta dado pessoal sem necessidade imediata"
"olamundo-jus9-tecnologia-juridica","assets\css\styles.css","False","True","ja_tem_ou_menciona","ja menciona foto/avatar/imagem ou aceita image/*"
"olamundo-jus9-tecnologia-juridica","assets\css\visual-jus9-fase-final.css","False","False","nao","formulario operacional ou de texto; foto nao agrega nesta etapa"
"primeiroformsctec","assets\css\visual-jus9-fase-final.css","False","False","nao","formulario operacional ou de texto; foto nao agrega nesta etapa"
"primeiroformsctec","index.html","False","False","sim","identificacao visual/perfil melhora reconhecimento no MVP"
"quandoodesenhofala-jus9-tecnologia-juridica","assets\css\visual-jus9-fase-final.css","False","False","nao","formulario operacional ou de texto; foto nao agrega nesta etapa"
"sctec","assets\css\visual-jus9-fase-final.css","False","False","nao","formulario operacional ou de texto; foto nao agrega nesta etapa"
"sctec","index.html","False","True","ja_tem_ou_menciona","ja menciona foto/avatar/imagem ou aceita image/*"
"universidadedofuturo-jus9-tecnologia-juridica","assets\css\style.css","False","False","nao","formulario operacional ou de texto; foto nao agrega nesta etapa"
