"Repo","Branch","Commit","CommitOk","PushOk","Changed"
"_workspace-jus9-colaborativo","main","8651192 Remove duplicados consolidados para Charlie Echo","True","True","1"
"admin-painel-jus9-tecnologia-juridica","main","9fa2d30 Remove duplicados consolidados para Charlie Echo","True","True","31"
"Aeon-Primevo","main","959504c Remove duplicados consolidados para Charlie Echo","True","True","31"
"auth-identidade-acesso-jus9-tecnologia-juridica","main","3dd82c3 Remove duplicados consolidados para Charlie Echo","True","True","31"
"backend-api-jus9-tecnologia-juridica","main","343a6c7 Remove duplicados consolidados para Charlie Echo","True","True","31"
"carta-jus9-tecnologia-juridica","main","e9e7d4f Remove duplicados consolidados para Charlie Echo","True","True","33"
"cofre-documentos-seguros-jus9-tecnologia-juridica","main","944a8c8 Remove duplicados consolidados para Charlie Echo","True","True","33"
"Creta","main","e6bbdc6 Remove duplicados consolidados para Charlie Echo","True","True","34"
"db-modelos-migracoes-jus9-tecnologia-juridica","main","b42f009 Remove duplicados consolidados para Charlie Echo","True","True","8"
"documentacao-jus9-tecnologia-juridica","main","c2f51fa Remove duplicados consolidados para Charlie Echo","True","True","83"
"equipe-jus9-tecnologia-juridica","main","d6bbe40 Remove duplicados consolidados para Charlie Echo","True","True","39"
"governanca-autoorganizacao-charlie-echo-jus9-tecnologia-juridica","main","3d018de Remove duplicados consolidados para Charlie Echo","True","True","39"
"governanca-jus9-tecnologia-juridica","main","28291ca Registra consolidacao de duplicados Charlie Echo","True","True","6"
"ia-dupla-jus9-tecnologia-juridica","main","484edb6 Remove duplicados consolidados para Charlie Echo","True","True","25"
"ia-profissional-orquestrador-jus9-tecnologia-juridica","main","6e29434 Remove duplicados consolidados para Charlie Echo","True","True","33"
"infra-cloudflare-jus9-tecnologia-juridica","main","e48e8bb Remove duplicados consolidados para Charlie Echo","True","True","31"
"introducaocss","main","a44a449 Remove duplicados consolidados para Charlie Echo","True","True","33"
"investimentos-jus9-tecnologia-juridica","main","efe28bf Remove duplicados consolidados para Charlie Echo","True","True","18"
"juridico-virtual-jus9-tecnologia-juridica","main","bc8e062 Remove duplicados consolidados para Charlie Echo","True","True","33"
"jus9-tecnologia-juridica","main","b1748e7 Remove duplicados consolidados para Charlie Echo","True","True","36"
"jus9verde-jus9-tecnologia-juridica","main","a8687c8 Remove duplicados consolidados para Charlie Echo","True","True","36"
"laboratorio-jus9-tecnologia-juridica","main","c923a10 Remove duplicados consolidados para Charlie Echo","True","False","17"
"livros-jus9-tecnologia-juridica","main","d4f0d00 Remove duplicados consolidados para Charlie Echo","True","True","38"
"logs-auditoria-jus9-tecnologia-juridica","main","02dd832 Remove duplicados consolidados para Charlie Echo","True","True","31"
"mvp-jus9-tecnologia-juridica","codex/mvp-agenda-jus9","7e50c06 Remove duplicados consolidados para Charlie Echo","True","True","45"
"olamundo-jus9-tecnologia-juridica","main","f790260 Remove duplicados consolidados para Charlie Echo","True","True","29"
"portal-cliente-jus9-tecnologia-juridica","main","a4b04a7 Remove duplicados consolidados para Charlie Echo","True","True","31"
"primeiroformsctec","main","354eed2 Remove duplicados consolidados para Charlie Echo","True","True","30"
"quandoodesenhofala-jus9-tecnologia-juridica","main","37aaf51 Remove duplicados consolidados para Charlie Echo","True","True","33"
"sctec","main","2cd066e Remove duplicados consolidados para Charlie Echo","True","True","31"
"universidadedofuturo-jus9-tecnologia-juridica","main","2982e19 Remove duplicados consolidados para Charlie Echo","True","True","5"
"workers-pages-functions-jus9-tecnologia-juridica","main","9971c6f Remove duplicados consolidados para Charlie Echo","True","True","31"
